Country,Totallife2000,Malelife2000,Femalelife2000,Totallife2010,Malelife2010,Femalelife2010,Totallife2016,Malelife2016,Femalelife2016,S2000Rural,S2000Urban,S2000Total,W2000Rural,W2000Urban,W2000Total,S2010Rural,S2010Urban,S2010Total,W2010Rural,W2010Urban,W2010Total,S2016Rural,S2016Urban,S2016Total,W2016Rural,W2016Urban,W2016Total
Afghanistan,55.9,54.6,57.3,61.2,59.9,62.5,62.7,61,64.5,22,30,24,22,49,28,30,46,34,41,74,48,36,60,42,55,93,64
Albania,73.1,70.4,76,74.7,72.5,77,76.4,74.3,78.6,82,97,88,82,96,88,93,98,96,82,93,88,97,98,98,90,92,91
Algeria,70.8,69.4,72.2,75.4,74.4,76.4,76.4,75.4,77.4,72,91,84,83,94,90,79,90,87,87,95,92,82,90,88,89,95,94
Angola,47.3,45.2,49.5,58.4,56.1,60.7,62.6,60.3,64.9,8,48,28,21,61,41,17,57,41,25,68,50,22,63,49,27,71,55
Antigua and Barbuda,72.5,69.7,75.1,74.7,72.4,76.9,75,72.5,77.5,0,0,82,0,0,98,0,0,86,0,0,97,0,0,88,0,0,97
Argentina,74,70.2,77.7,75.7,72.3,79,76.9,73.5,80.3,69,89,87,76,99,96,75,94,93,90,99,98,77,96,94,93,100,99
Armenia,71.7,68.5,74.6,73.3,69.5,76.7,74.8,71.2,78.1,77,92,87,89,99,95,81,97,91,96,99,98,83,100,93,100,100,100
Australia,79.6,77,82.3,82,79.9,84.2,82.9,81,84.8,0,0,100,99,100,100,0,0,100,100,100,100,0,0,100,100,100,100
Austria,78.4,75.3,81.2,80.6,77.8,83.3,81.9,79.4,84.2,100,100,100,100,100,100,100,100,100,100,100,100,100,100,100,100,100,100
Azerbaijan,66.5,63.8,69,71.1,68.6,73.5,73.1,70.3,75.7,53,73,63,55,91,73,76,88,83,74,98,87,88,96,92,80,99,91
Bahamas,72,68.8,75.1,75.2,71.9,78.2,75.7,72.6,78.6,0,0,88,0,0,98,0,0,93,0,0,99,0,0,95,0,0,99
Bahrain,73.2,72.5,74.1,77.2,76.5,77.8,79.1,78.6,79.6,0,0,100,0,0,100,0,0,100,0,0,100,0,0,100,0,0,100
Bangladesh,65.5,65.2,65.7,69.9,68.9,71.1,72.7,71.1,74.4,20,44,26,94,99,95,35,49,39,96,98,96,45,50,47,97,97,97
Barbados,73.4,71,75.6,74.7,72.2,77.1,75.6,73.1,78,0,0,89,0,0,98,0,0,94,0,0,98,0,0,97,0,0,98
Belarus,68.3,62.8,74,70.2,64.4,76.2,74.2,68.8,79.2,96,90,92,99,99,99,96,95,95,98,97,98,96,98,98,98,96,96
Belgium,77.9,74.8,81,80.2,77.5,82.7,81.2,78.8,83.5,99,99,99,100,100,100,99,99,99,100,100,100,99,99,99,100,100,100
Belize,68.7,66.1,71.6,69.8,67.4,72.7,70.5,67.9,73.4,80,85,82,84,91,87,82,90,86,92,97,94,83,93,88,96,99,98
Benin,55.6,54,57.1,59.3,57.9,60.6,61.1,59.7,62.4,2,19,9,52,77,61,5,24,13,56,76,65,8,27,16,58,76,66
Bhutan,61.1,60.9,61.3,68.4,68.3,68.5,70.6,70.4,70.8,41,74,50,78,96,83,56,73,62,90,97,93,65,73,68,97,98,97
Bolivia (Plurinational State of),63.3,61.6,65.2,69.2,67.1,71.5,71.5,69.1,74,15,47,35,54,95,79,26,59,48,69,98,88,35,70,59,77,99,92
Bosnia and Herzegovina,74.3,71.3,77.1,76.1,73.5,78.6,77.3,74.8,79.8,93,98,95,96,99,97,92,99,95,97,96,97,92,99,95,97,95,96
Botswana,49.1,47.5,50.7,61.2,58.6,63.8,66.1,63.6,68.4,33,69,52,54,94,75,43,81,67,63,95,83,50,88,76,74,97,89
Brazil,69.9,66.1,73.9,73.3,69.7,77.1,75.1,71.4,78.9,36,81,73,74,98,94,50,88,82,83,99,96,59,92,87,88,99,98
Brunei Darussalam,73.7,72.3,75.1,76.5,75.2,77.8,76.4,75.3,77.6,0,0,0,0,0,100,0,0,96,0,0,100,0,0,0,0,0,100
Bulgaria,71.5,68.2,75,73.8,70.4,77.3,74.8,71.4,78.4,84,87,86,99,100,100,84,87,86,99,100,99,84,87,86,98,99,99
Burkina Faso,50.1,49.1,50.9,57,56.4,57.6,60.3,59.6,60.9,3,50,11,51,74,55,8,44,17,42,77,51,11,40,19,36,79,48
Burundi,51.4,49.6,53.3,57.6,56.3,58.8,60.1,58.5,61.8,46,41,45,48,82,51,46,43,46,53,87,57,46,42,46,56,89,60
Cabo Verde,69.4,67.7,70.8,71.8,70,73.5,73.2,71.1,75,22,56,40,70,86,79,46,70,61,71,90,83,60,79,72,74,93,86
Cambodia,57.7,55.3,60.1,67.1,65,69,69.4,67.3,71.2,2,46,10,47,76,52,28,75,38,62,88,68,46,94,57,71,96,77
Cameroon,49.4,48.4,50.3,55.4,54.2,56.5,58.1,56.7,59.4,27,56,40,38,85,59,21,56,39,39,80,60,18,56,39,39,77,60
Canada,79.3,76.7,81.8,81.6,79.4,83.6,82.8,80.9,84.7,99,100,100,98,99,99,99,100,100,99,99,99,99,99,99,99,100,99
Central African Republic,45.4,44.6,46.1,49.6,48.7,50.4,53,51.7,54.4,8,26,15,44,82,58,9,45,23,36,68,48,9,49,25,34,65,46
Chad,47.9,46.7,49.1,51.9,51,52.8,54.3,53.1,55.4,8,26,12,32,76,41,5,31,10,30,73,40,2,30,9,30,70,39
Chile,77.1,73.8,80.3,78.3,75.2,81.3,79.5,76.5,82.4,68,96,92,75,99,96,88,99,97,90,100,98,100,100,100,98,100,100
China,72.1,70.7,73.7,75.2,73.8,76.7,76.4,75,77.9,44,77,56,70,98,80,62,85,74,79,98,88,74,90,83,85,98,92
Colombia,71.1,66.9,75.6,73.5,69.9,77.3,75.1,71.5,78.8,49,79,72,71,98,91,65,87,82,80,99,95,75,92,89,86,100,97
Comoros,59.5,58,61,61.8,60.3,63.4,63.9,62.3,65.5,23,44,29,91,90,91,30,45,34,81,89,83,32,45,36,77,88,80
Congo,53.1,52.3,53.9,61.6,60.7,62.6,64.3,63,65.6,6,16,12,18,85,57,6,22,16,31,86,66,6,26,20,44,87,72
Costa Rica,77.4,74.8,80.2,78.3,75.6,81.1,79.6,77,82.2,89,97,93,87,99,94,92,97,96,95,100,98,95,98,98,100,100,100
CÃ´te d'Ivoire,49.2,48.3,50.2,52.5,51.6,53.5,54.6,53.6,55.7,7,39,21,56,91,71,13,43,27,57,89,72,17,46,31,58,88,73
Croatia,74.4,70.7,78,76.7,73.4,79.9,78.3,75,81.5,95,98,96,97,100,98,95,98,96,99,100,99,95,98,97,100,100,100
Cuba,76.6,74.5,79,78,75.9,80.2,79,76.8,81.3,73,92,87,80,97,93,85,92,90,86,97,95,95,92,93,90,97,95
Cyprus,77.4,75.3,79.7,79.8,77.3,82.3,80.7,78.4,83.1,100,100,100,100,100,100,99,100,100,100,100,100,99,100,99,100,100,100
Czechia,75,71.6,78.4,77.6,74.5,80.7,79.2,76.2,82.1,99,99,99,100,100,100,99,99,99,100,100,100,99,99,99,100,100,100
Democratic People's Republic of Korea,65.2,61,69,69.6,65.9,72.9,71.9,68.2,75.5,0,0,0,100,99,99,69,84,78,95,98,97,72,89,82,91,97,95
Democratic Republic of the Congo,51.7,50.4,53,57.8,56.3,59.2,60.5,58.9,62,20,23,21,16,68,34,19,23,21,20,69,40,18,23,20,23,69,43
Denmark,77.1,74.8,79.3,79.4,77.3,81.4,81.2,79.3,83.2,100,100,100,100,100,100,100,100,100,100,100,100,100,100,100,100,100,100
Djibouti,57.4,55.8,59.1,61.6,60.1,63.2,63.8,62.2,65.5,12,58,47,55,82,76,15,67,55,50,83,76,19,75,62,48,84,76
Dominican Republic,69.7,67.1,72.6,72,69.1,75.1,73.5,70.6,76.7,71,82,78,79,96,90,73,85,81,86,97,94,73,86,84,90,98,97
Ecuador,72.7,69.8,75.7,75.3,72.5,78.3,76.5,74.1,78.9,54,80,70,70,90,82,71,86,81,78,96,90,81,91,87,83,100,94
Egypt,69.2,66.8,71.7,69.7,67.5,72.1,70.5,68.2,73,90,95,92,97,99,98,91,97,93,98,99,99,91,98,94,99,99,99
El Salvador,68.8,64.3,73.2,72.2,67.5,76.7,73.7,69,78.1,74,90,83,56,93,78,77,90,86,76,97,90,78,91,87,92,99,97
Equatorial Guinea,52.8,50.7,55.2,57,55.8,58.2,59.5,57.9,61.7,46,64,55,39,64,51,55,69,64,33,75,60,57,70,66,31,78,64
Eritrea,43.9,38.5,51.1,62.3,60.3,64.4,65,62.9,67.1,1,27,8,31,91,47,5,23,11,28,90,50,6,22,12,28,90,52
Estonia,70.9,65.5,76.2,75.9,70.9,80.5,77.8,73,82.1,99,100,100,97,100,99,99,99,99,99,100,100,99,99,99,99,100,100
Eswatini,48.6,46.5,50.6,51.5,48.9,53.8,57.7,55.1,59.9,45,68,50,43,87,53,55,58,55,54,93,63,61,51,58,60,97,69
Ethiopia,50.8,49.2,52.5,61.6,60,63.3,65.5,63.7,67.3,1,16,3,9,77,19,3,18,6,23,79,33,4,19,7,30,80,40
Fiji,67.7,65.3,70.3,69.1,66.4,72.2,69.9,67.1,73.1,70,90,80,91,99,95,85,93,89,90,98,94,95,95,95,89,98,94
Finland,77.8,74.3,81.1,80,76.8,83.2,81.4,78.7,84.2,99,99,99,100,100,100,99,99,99,100,100,100,99,99,99,100,100,100
France,79.1,75.5,82.7,81.4,78.2,84.5,82.9,80.1,85.7,99,99,99,100,100,100,99,99,99,100,100,100,99,99,99,100,100,100
Gabon,59.6,58.5,60.6,62.4,61.8,62.8,66.4,64.8,68.2,31,36,34,37,91,80,36,45,43,49,90,84,37,49,47,55,90,86
Gambia,56.2,55.2,57.4,59.9,58.8,61.1,61.9,60.6,63.3,64,51,58,68,83,75,41,47,44,65,86,77,30,45,39,63,87,78
Georgia,71.5,68,74.9,72.5,68.3,76.7,72.6,68.3,76.8,96,94,95,87,98,93,88,95,92,91,99,96,84,95,90,96,100,98
Germany,78.1,75,81,80.1,77.6,82.6,81,78.7,83.3,99,99,99,100,100,100,99,99,99,100,100,100,99,99,99,100,100,100
Ghana,57.4,56.7,58,61.2,60.3,62,63.4,62.5,64.4,4,14,9,54,78,64,8,19,14,62,86,74,11,23,18,67,92,80
Greece,78.3,75.6,81.1,80.5,78,83.1,81.2,78.7,83.7,94,98,97,99,100,100,97,99,98,100,100,100,98,99,99,100,100,100
Grenada,70.6,68.2,72.9,72.6,70.2,75.1,73.4,71,75.9,0,0,90,0,0,93,0,0,92,0,0,96,0,0,91,0,0,96
Guatemala,67.6,64.3,71,71,67.7,74.3,73.2,70.4,76,48,82,63,78,95,86,50,80,65,85,97,91,50,79,65,90,98,94
Guinea,51.4,51.1,51.6,57.2,56.5,57.8,59.8,59.4,60.2,3,24,9,53,84,63,11,30,17,52,85,63,16,33,22,49,86,62
Guinea-Bissau,52.7,51.7,53.6,56.8,55.7,57.8,59.8,58.4,61.2,4,25,12,41,74,53,7,32,17,49,81,62,8,37,20,53,84,67
Guyana,64.7,62.3,67.1,65.8,63.4,68.3,66.2,63.6,69,77,84,79,86,93,88,81,89,83,91,97,93,84,92,86,94,100,96
Haiti,58.1,56.3,60,36.2,33.2,40,63.5,61.3,65.7,11,28,17,40,85,56,18,37,27,42,85,62,23,43,34,43,85,65
Honduras,71.1,68.7,73.5,73.9,71.6,76.2,75.2,72.9,77.5,52,76,63,76,95,85,66,81,74,84,98,91,74,85,80,88,99,94
Hungary,71.9,67.6,76.2,74.4,70.5,78.2,76,72.3,79.4,99,98,98,100,100,100,99,98,98,100,100,100,99,98,98,100,100,100
Iceland,79.7,77.6,81.9,81.9,79.9,83.8,82.4,80.9,83.9,100,99,99,100,100,100,100,99,99,100,100,100,100,99,99,100,100,100
India,62.5,61.9,63.1,66.7,65.8,67.6,68.8,67.4,70.3,4,49,16,74,91,79,32,62,41,84,94,87,50,71,57,90,96,92
Indonesia,66.1,64.5,67.7,68,66,70.1,69.3,67.3,71.4,25,63,41,66,90,76,47,73,60,76,93,84,62,79,71,81,95,89
Iran (Islamic Republic of),70.1,69.1,71.2,74,72.6,75.5,75.7,74.6,76.9,79,92,87,90,98,95,79,92,88,89,98,95,79,92,88,89,97,95
Iraq,69.4,67.6,71.4,70.8,69,72.6,69.8,67.5,72.2,56,78,71,53,94,81,73,87,82,75,97,90,86,95,92,89,99,96
Ireland,76.4,73.9,79,80.9,78.7,82.9,81.5,79.7,83.4,92,88,90,97,97,97,93,89,91,98,97,97,94,89,91,98,97,97
Israel,78.3,76.1,80.4,81.8,79.8,83.6,82.3,80.3,84.2,100,100,100,100,100,100,100,100,100,100,100,100,100,100,100,100,100,100
Italy,79.6,76.6,82.5,82,79.5,84.4,82.8,80.5,84.9,0,0,0,100,100,100,99,99,99,100,100,100,99,99,99,99,99,99
Jamaica,72.6,70,75.4,74.9,72.5,77.4,76,73.6,78.5,82,82,82,88,98,93,86,84,85,85,96,91,90,86,87,85,96,91
Japan,81.3,77.8,84.6,83,79.6,86.3,84.2,81.1,87.1,0,0,100,0,0,98,0,0,100,0,0,99,0,0,100,0,0,99
Jordan,71.7,70.4,73.2,73.4,71.9,75,74.3,72.7,76,98,99,98,98,100,99,97,98,98,98,99,99,96,98,97,98,99,99
Kazakhstan,63.9,58.4,69.7,67.4,62.6,72.4,71.1,66.8,75.3,97,97,97,72,94,85,98,97,97,84,97,91,99,97,98,91,98,95
Kenya,53.2,52.3,54.1,62.9,61.5,64.2,66.7,64.4,68.9,33,36,34,37,88,47,30,35,31,45,86,54,27,35,29,49,85,58
Kiribati,64.1,61.6,66.4,65.9,63.4,68.2,66.1,63.6,68.6,0,0,24,0,0,50,0,0,39,0,0,63,0,0,47,0,0,70
Kuwait,73.3,72.6,74.4,74.1,73.4,75.1,74.8,73.9,76,0,0,100,0,0,100,0,0,100,0,0,100,0,0,100,0,0,100
Kyrgyzstan,66.5,62.5,70.7,68.6,64.4,73,71.4,67.7,75.2,92,94,92,73,95,81,97,93,95,78,97,85,99,92,97,82,97,87
Lao People's Democratic Republic,58,56.5,59.5,63.7,62.3,65.2,65.8,64.2,67.4,17,67,28,38,77,47,45,83,56,60,87,68,61,94,72,73,93,80
Latvia,70.3,64.6,75.9,73,67.8,77.9,75,70,79.6,73,96,88,96,99,98,79,96,90,97,99,98,83,96,92,98,99,99
Lebanon,73.6,72.2,75.2,75.7,74.5,77.1,76.3,75.1,77.7,0,0,75,0,0,85,0,0,88,0,0,90,0,0,97,0,0,93
Lesotho,50.9,49.9,51.6,52.3,50.6,53.6,52.9,51,54.6,6,21,9,64,80,67,28,35,30,61,88,68,41,41,41,59,93,69
Liberia,52,51.3,52.7,60.1,59.3,60.9,62.9,62,63.9,4,25,14,50,78,62,5,28,16,58,82,69,6,28,17,61,83,72
Libya,70.8,69.2,72.6,72.8,70.6,75.2,71.9,69,75,0,0,97,0,0,84,0,0,99,0,0,93,0,0,100,0,0,99
Lithuania,72,66.5,77.4,73.2,67.4,78.8,75,69.7,80.2,66,93,84,75,97,90,77,96,90,86,99,94,84,97,93,92,100,97
Luxembourg,78.4,75.3,81.4,81.4,78.8,83.7,82.4,80.1,84.6,99,98,98,100,100,100,99,97,98,100,100,100,99,97,98,99,100,100
Madagascar,58.4,57.2,59.5,63.5,62,64.9,66.1,64.6,67.6,3,9,5,24,68,36,5,14,8,31,78,46,6,17,10,36,85,53
Malawi,45.9,44.5,47.3,57.6,55.3,59.9,64.2,61.4,66.8,19,32,21,47,86,53,22,33,24,58,86,62,24,34,26,64,86,68
Malaysia,72.5,70.3,75,74.2,72,76.6,75.3,73.2,77.6,94,98,97,94,99,97,97,99,99,91,99,97,99,100,100,90,99,97
Maldives,69.7,69.2,70,76.4,75.4,77.6,78.4,77.2,79.9,67,92,74,90,98,92,88,96,91,97,98,97,99,99,99,100,98,99
Mali,47.8,47.3,48.3,55.6,55.2,55.9,58,57.5,58.4,9,34,16,38,76,49,20,45,29,55,86,66,28,52,38,66,91,77
Malta,78,76.2,79.9,80.7,78.7,82.6,81.5,79.6,83.3,100,100,100,100,100,100,100,100,100,100,100,100,100,100,100,100,100,100
Mauritania,60.2,58.7,61.6,62.2,60.8,63.6,63.9,62.6,65.2,7,34,17,25,67,41,14,54,32,39,79,58,18,72,46,48,88,69
Mauritius,71.1,67.9,74.4,73.3,70,76.7,74.8,71.6,78.1,88,92,90,99,100,99,94,95,94,100,100,100,95,96,96,100,100,100
Mexico,74.5,71.8,77.3,75.2,72.3,78.1,76.6,74,79.2,53,83,75,73,94,89,71,89,85,88,98,96,81,93,90,95,100,99
Micronesia (Federated States of),67,66.1,67.9,68.7,67.6,69.8,69.6,68.4,70.8,0,0,25,0,0,88,0,0,67,0,0,82,0,0,88,0,0,79
Mongolia,62.4,59.4,65.6,67.8,63.7,72.2,69.8,65.7,74.2,26,64,48,29,87,62,35,65,56,44,92,77,42,66,58,55,96,83
Montenegro,73.1,70.5,75.6,75.6,73.1,78,76.8,74.4,79.2,0,0,0,0,0,0,90,96,94,95,96,96,94,100,98,99,96,97
Morocco,68.5,67,70,74.2,72.9,75.4,76,74.8,77,46,83,66,28,92,62,67,91,81,53,95,77,79,94,88,71,97,87
Mozambique,48.5,47,49.8,55,53.8,56.2,60.1,57.7,62.3,2,32,10,4,58,20,10,44,21,25,73,40,16,51,28,38,83,53
Myanmar,61.6,59.5,63.6,64.6,62.4,66.8,66.8,64.6,68.9,67,82,71,38,68,46,62,79,67,62,84,68,60,76,65,76,92,81
Namibia,55.9,54.2,57.6,61,58.7,63.2,63.7,61.1,66.1,13,59,28,66,98,77,16,55,32,68,97,80,18,52,34,69,97,82
Nepal,62.2,61.3,63.1,67.9,66.6,69.2,70.2,68.8,71.6,12,33,15,78,93,80,39,52,41,84,91,85,57,65,59,88,89,88
Netherlands,78.2,75.6,80.6,80.8,78.8,82.7,81.6,80,83.2,100,98,98,100,100,100,100,98,98,100,100,100,100,98,98,100,100,100
New Zealand,78.8,76.2,81.3,81.2,79.3,83.1,82.2,80.5,84,100,100,100,100,100,100,100,100,100,100,100,100,100,100,100,100,100,100
Nicaragua,69.7,66.9,72.4,73.9,70.8,76.8,75.5,72.5,78.4,43,71,58,63,96,81,55,79,68,61,97,81,62,84,74,59,98,82
Niger,48.2,47.7,48.6,56.3,55.6,57,59.8,59,60.8,1,25,5,24,94,36,6,37,11,36,88,45,7,43,13,43,85,50
Nigeria,47.3,46.9,47.8,52.4,52.1,52.6,55.2,54.7,55.7,29,30,30,35,73,48,30,40,34,47,81,62,31,47,38,54,87,70
Norway,78.8,76,81.4,81.1,78.9,83.2,82.5,80.6,84.3,98,98,98,100,100,100,98,98,98,100,100,100,98,98,98,100,100,100
Oman,72.7,70.9,74.9,75.6,73.8,78.2,77,75.3,79.5,77,93,89,0,0,0,93,99,97,67,90,84,100,100,100,78,95,92
Pakistan,62.9,62.4,63.5,65,64.1,65.9,66.5,65.7,67.4,14,66,31,81,95,86,37,72,49,86,95,89,48,76,58,89,94,91
Panama,75.8,72.9,79,76.7,73.5,80.1,78,75,81.2,44,71,61,75,97,88,56,84,74,85,98,93,64,91,82,92,98,96
Papua New Guinea,61.9,59.8,64.2,64.6,62.4,66.9,65.9,63.6,68.3,15,58,21,27,83,34,12,54,17,30,84,37,8,49,14,34,86,41
Paraguay,71.1,69.2,73,73.4,71.6,75.3,74.2,72.4,76.1,52,85,70,53,94,75,70,90,82,80,97,90,81,94,89,97,100,99
Peru,71.3,69,73.7,74.6,72.1,77,75.9,73.4,78.3,29,77,64,51,92,81,45,79,71,66,94,87,55,79,74,74,95,91
Philippines,66.9,63.9,70.1,68.3,65.2,71.6,69.3,66.2,72.6,53,72,62,79,93,86,63,75,69,85,96,90,73,78,75,89,97,93
Poland,73.7,69.5,77.9,76.3,72,80.4,77.8,73.8,81.6,77,94,88,0,0,0,91,97,94,95,99,97,99,98,98,99,100,99
Portugal,76.9,73.3,80.4,80,76.8,83,81.5,78.3,84.5,96,98,97,98,99,99,98,99,99,99,100,100,100,99,100,100,100,100
Qatar,76.2,75.3,77.7,77.2,76.3,78.9,78.1,77.3,79.9,0,0,100,0,0,100,0,0,100,0,0,100,0,0,100,0,0,100
Republic of Korea,76.3,72.5,79.9,80.7,77.2,83.9,82.7,79.5,85.6,0,0,100,0,0,0,0,0,100,0,0,99,0,0,100,0,0,100
Republic of Moldova,67.4,63.6,71,68.8,64.7,72.9,71.5,67.6,75.3,62,89,74,74,95,83,66,87,75,79,96,86,68,86,76,83,97,89
Romania,71.1,67.6,74.7,73.6,69.8,77.5,75.2,71.6,79,0,0,0,100,100,100,62,94,79,100,100,100,70,95,84,100,100,100
Russian Federation,65,58.7,72,68.9,63,74.8,71.9,66.4,77.2,55,94,83,85,99,95,69,94,88,89,99,96,77,95,90,92,99,97
Rwanda,45.7,43,47,61.6,58,64.9,68,66.1,69.9,42,63,45,41,71,45,59,57,58,48,77,53,68,53,65,52,82,57
Saint Lucia,72.2,70.2,74.1,74.7,72,77.4,75.6,73,78.3,81,83,82,87,93,88,88,80,87,94,97,95,91,78,88,98,98,98
Saint Vincent and the Grenadines,70.9,68.8,73,72.1,70.1,74.2,72,69.4,74.9,0,0,71,0,0,93,0,0,83,0,0,95,0,0,87,0,0,95
Samoa,70,67.1,73.5,73.3,70.2,76.7,75.1,72,78.4,97,99,98,92,90,92,98,99,98,94,95,94,98,99,98,97,100,97
Sao Tome and Principe,62.9,61.2,64.7,67,65,69,68.7,66.7,70.7,14,26,20,58,71,65,24,40,34,70,81,77,31,48,43,77,87,84
Saudi Arabia,72.7,71.1,74.5,73.8,72.5,75.4,74.8,73.5,76.5,0,0,98,0,0,97,0,0,99,0,0,99,0,0,100,0,0,100
Senegal,56.8,55.4,58.2,63.9,62.3,65.4,66.8,64.7,68.7,23,63,39,40,89,60,32,65,46,57,91,72,39,65,51,69,92,79
Serbia,72.5,69.8,75.2,74.9,72.4,77.4,76.3,73.8,78.9,94,96,95,97,93,95,95,98,97,92,88,90,95,99,98,88,83,86
Seychelles,71.7,67.5,76.4,72.3,68.2,77.2,73.3,69,78,0,0,94,0,0,93,0,0,98,0,0,96,0,0,100,0,0,96
Sierra Leone,39.8,39,40.7,49.2,48.6,49.8,53.1,52.5,53.8,5,20,10,24,68,40,7,23,13,39,73,52,8,25,15,49,75,60
Singapore,78.5,76.2,80.8,81.8,79.3,84.2,82.9,80.8,85,0,100,100,0,100,100,0,100,100,0,100,100,0,100,100,0,100,100
Slovakia,73.2,69.1,77.4,75.5,71.6,79.2,77.4,73.8,80.9,97,99,98,97,99,98,97,99,98,98,99,99,97,99,98,100,100,100
Slovenia,76.1,72.3,79.8,79.5,76.2,82.8,80.9,78,83.7,99,99,99,99,100,100,99,99,99,99,100,100,99,99,99,99,100,100
Solomon Islands,66.5,65.5,67.6,69.7,68.4,71.1,71.1,69.7,72.7,13,62,20,76,90,79,16,70,27,69,91,74,19,78,33,62,91,69
Somalia,51.1,49.7,52.5,53,51.4,54.7,55.4,53.7,57.3,7,45,20,4,50,20,13,53,29,21,69,40,19,60,37,27,81,51
South Africa,59,56.1,62,58,55.6,60.4,63.6,60.2,67,42,71,59,66,98,85,61,74,69,75,99,90,73,76,75,80,99,92
South Sudan,49.7,48.5,50.9,55.9,55.1,56.7,58.6,57.7,59.6,0,0,0,0,0,0,0,0,0,0,0,0,5,34,10,36,63,41
Spain,79.4,75.9,82.8,82.1,79.1,85.1,83.1,80.3,85.7,100,100,100,100,100,100,100,100,100,100,100,100,100,100,100,100,100,100
Sri Lanka,71.6,68.2,75.2,74.7,71.3,78.1,75.3,72.1,78.5,85,85,85,76,95,80,92,87,91,83,96,85,95,94,95,87,97,89
Sudan,58.8,56.9,60.7,63.2,61.5,65,65.1,63.4,66.9,11,40,21,35,60,43,17,50,28,44,67,52,24,60,36,53,74,60
Suriname,67.7,65,70.7,70.4,67.2,73.8,71.8,68.7,75.1,59,89,79,74,98,90,68,89,82,83,98,93,74,89,84,87,98,95
Sweden,79.7,77.4,82,81.5,79.5,83.5,82.4,80.6,84.1,100,99,99,100,100,100,100,99,99,100,100,100,100,99,99,100,100,100
Switzerland,79.8,76.9,82.6,82.4,80.1,84.5,83.3,81.2,85.2,100,100,100,100,100,100,100,100,100,100,100,100,100,100,100,100,100,100
Syrian Arab Republic,73,71,75.2,73.8,72.2,75.4,63.8,59.4,68.9,88,96,93,90,99,95,90,94,93,93,99,96,91,92,91,95,99,97
Tajikistan,65.5,63.4,67.6,69.7,67.9,71.7,70.8,68.7,73,89,93,90,43,90,56,94,94,94,62,94,70,97,95,97,74,96,80
Thailand,70.6,66.9,74.6,74,70.6,77.6,75.5,71.8,79.3,93,89,92,92,98,94,96,95,96,97,99,98,98,99,98,99,100,99
Republic of North Macedonia,73,70.7,75.4,74.8,72.7,77.1,75.9,73.8,78,77,91,85,99,100,99,88,97,93,97,94,95,97,100,99,97,91,93
Timor-Leste,59.1,57.9,60.4,67.1,65.7,68.4,68.6,66.8,70.4,0,0,0,0,0,0,37,70,46,55,87,64,43,75,52,67,98,77
Togo,54.9,53.9,55.9,57.8,57,58.5,60.6,59.7,61.5,3,24,10,30,79,46,5,27,13,41,85,57,7,28,16,47,88,64
Tonga,71.5,69.5,73.5,72.7,70,75.6,73.4,70.5,76.4,86,99,89,99,97,98,90,98,92,99,99,99,92,97,93,100,100,100
Trinidad and Tobago,69.4,66.3,72.7,70.9,67.5,74.5,71.8,68.2,75.6,0,0,90,0,0,92,0,0,93,0,0,96,0,0,93,0,0,98
Tunisia,72.8,70.6,75.4,74.9,72.7,77.2,76,74.1,78.1,48,94,77,71,98,88,69,95,86,79,99,92,81,95,91,88,100,96
Turkey,70.9,67.7,74.3,74.6,71.3,77.8,76.4,73.3,79.4,69,89,82,89,99,95,82,96,92,96,99,98,90,100,97,100,99,99
Turkmenistan,63.5,59.4,67.8,66.6,62.8,70.5,68.2,64.7,71.7,96,89,93,79,96,87,98,93,96,91,98,95,99,97,98,98,100,99
Uganda,45.9,44,47.8,57.6,56.1,59.1,62.5,60.2,64.8,15,31,17,19,70,27,16,28,18,31,73,39,16,26,18,40,75,48
Ukraine,67.5,62,73.1,69.9,64.9,74.8,72.5,67.6,77.1,89,97,94,95,100,98,92,97,96,97,94,95,94,97,96,99,91,94
United Arab Emirates,74.3,73.5,75.7,76.3,75.6,77.7,77.2,76.5,78.7,0,0,99,0,0,96,0,0,99,0,0,96,0,0,99,0,0,97
United Kingdom of Great Britain and Northern Ireland,77.9,75.5,80.2,80.6,78.6,82.5,81.4,79.7,83.2,99,99,99,100,100,100,99,99,99,100,100,100,99,99,99,100,100,100
United Republic of Tanzania,50.7,49,52.4,59.4,58.1,60.6,63.9,62,65.8,3,11,4,16,65,27,15,30,19,31,76,44,22,41,28,41,84,55
United States of America,76.9,74.2,79.5,78.7,76.3,81.1,78.5,76,81,100,100,100,0,100,0,100,100,100,97,100,99,100,100,100,97,100,99
Uruguay,74.8,70.8,78.8,76,72.1,79.9,77.1,73.2,80.8,85,95,94,75,99,97,90,95,95,84,99,98,96,96,96,94,100,99
Uzbekistan,67.3,64.4,70.2,70.9,68.3,73.6,72.3,69.7,75,88,98,93,76,95,85,98,99,99,93,99,96,100,100,100,96,99,98
Vanuatu,68.9,67.5,70.6,71.2,69.6,73.1,72,70.1,74.1,60,67,62,78,96,82,45,59,49,83,98,86,32,50,36,88,99,91
Venezuela (Bolivarian Republic of),72.2,68.2,76.5,73.6,69.3,78.3,74.1,69.5,79,0,0,0,0,0,97,0,0,94,0,0,96,0,0,94,0,0,96
Viet Nam,73.3,68.5,78.2,75.4,70.6,80.2,76.3,71.7,80.9,43,81,52,76,94,80,63,88,71,85,96,89,76,94,82,92,98,94
Yemen,60.7,59.5,62,64.5,63.2,65.9,65.3,63.9,66.8,27,86,42,26,72,38,37,87,53,44,76,54,43,88,59,55,79,63
Zambia,44.4,43.2,45.6,57.5,55.7,59.3,62.3,60.2,64.4,12,46,24,31,84,49,16,40,25,38,84,56,19,36,26,41,84,59
Zimbabwe,45.9,44.6,47.3,52.9,51.5,54.2,61.4,59.6,63.1,36,65,46,60,95,72,34,56,41,54,94,68,32,48,37,50,94,65
